Ad Group,Filename,LP Title
Ad Group 10: India Tour Packages,india-tour-packages.html,"India Tour Packages for Delhi, Agra & Jaipur"
Ad Group 11: General Amritsar Flights,cheap-flights-to-amritsar.html,Cheap Flights to Amritsar With Expert Booking Support
Ad Group 12: General Mumbai Flights,cheap-flights-to-mumbai.html,Cheap Flights to Mumbai and Mumbai Airfare Support
Ad Group 13: General Delhi Flights,cheap-flights-to-delhi.html,Cheap Flights to Delhi for Domestic and International Routes
Ad Group 1: Vancouver to Delhi Flights,vancouver-to-delhi-flights.html,Flights From Vancouver to Delhi With YVR Route Support
Ad Group 2: Vancouver to Amritsar Flights,vancouver-to-amritsar-flights.html,Vancouver to Amritsar Flights With Route Specific Booking Help
Ad Group 3: Vancouver to Mumbai Flights,vancouver-to-mumbai-flights.html,Flights From Vancouver to Mumbai With Flexible Airfare Support
Ad Group 4: Vancouver to South India,vancouver-to-south-india-flights.html,"Vancouver to South India Flights for Bangalore, Chennai and Hyderabad"
Ad Group 5: Canada (Other) to India,canada-to-india-flights.html,Flights From Canada to India Beyond Vancouver
Ad Group 6: UK/Europe to India,uk-europe-to-india-flights.html,UK and Europe to India Flights With Route Based Support
Ad Group 7: USA to India,usa-to-india-flights.html,USA to India Flights With Support for Delhi and Amritsar Routes
Ad Group 8: Australia to India,australia-to-india-flights.html,Australia to India Flights for Delhi and Amritsar Travelers
Ad Group 9: Asia/Middle East to India,asia-middle-east-to-india-flights.html,Asia and Middle East to India Flights With Flexible Route Support
